[
  [
    {
      "__type__": "cc.SceneAsset",
      "_name": "helloworld",
      "scene": {
        "__id__": 1
      },
      "asyncLoadAssets": null
    },
    {
      "__type__": "cc.Scene",
      "_name": "New Node",
      "_children": [
        {
          "__id__": 2
        }
      ],
      "_anchorPoint": {
        "__type__": "cc.Vec2"
      },
      "autoReleaseAssets": false
    },
    {
      "__type__": "cc.Node",
      "_name": "Canvas",
      "_parent": {
        "__id__": 1
      },
      "_children": [
        {
          "__id__": 3
        },
        {
          "__id__": 4
        },
        {
          "__id__": 5
        }
      ],
      "_components": [
        {
          "__type__": "cc.Canvas",
          "node": {
            "__id__": 2
          }
        },
        {
          "__type__": "e1b90/rohdEk4SdmmEZANaD",
          "node": {
            "__id__": 2
          },
          "label": {
            "__id__": 6
          }
        }
      ],
      "_id": "a286bbGknJLZpRpxROV6M94",
      "_color": {
        "__type__": "cc.Color",
        "r": 252,
        "g": 252,
        "b": 252
      },
      "_contentSize": {
        "__type__": "cc.Size",
        "width": 960,
        "height": 640
      },
      "_position": {
        "__type__": "cc.Vec2",
        "x": 480,
        "y": 320
      }
    },
    {
      "__type__": "cc.Node",
      "_name": "background",
      "_parent": {
        "__id__": 2
      },
      "_components": [
        {
          "__type__": "cc.Widget",
          "node": {
            "__id__": 3
          },
          "_alignFlags": 45,
          "_originalWidth": 200,
          "_originalHeight": 150
        },
        {
          "__type__": "cc.Sprite",
          "node": {
            "__id__": 3
          },
          "_spriteFrame": {
            "__uuid__": "41D7kWhyFGY7q4NDlzkazn"
          },
          "_type": 1,
          "_sizeMode": 0
        }
      ],
      "_color": {
        "__type__": "cc.Color",
        "r": 27,
        "g": 38,
        "b": 46
      },
      "_contentSize": {
        "__type__": "cc.Size",
        "width": 960,
        "height": 640
      }
    },
    {
      "__type__": "cc.Node",
      "_name": "cocos",
      "_parent": {
        "__id__": 2
      },
      "_components": [
        {
          "__type__": "cc.Sprite",
          "node": {
            "__id__": 4
          },
          "_spriteFrame": {
            "__uuid__": "31vIlawANFZqnzLlSuHBfc"
          }
        }
      ],
      "_contentSize": {
        "__type__": "cc.Size",
        "width": 195,
        "height": 270
      },
      "_position": {
        "__type__": "cc.Vec2",
        "x": -260,
        "y": -118
      }
    },
    {
      "__type__": "cc.Node",
      "_name": "label",
      "_parent": {
        "__id__": 2
      },
      "_components": [
        {
          "__id__": 6
        }
      ],
      "_contentSize": {
        "__type__": "cc.Size",
        "width": 342,
        "height": 60
      },
      "_rotationX": -5,
      "_rotationY": -5,
      "_scaleX": 2.14,
      "_scaleY": 2.14,
      "_position": {
        "__type__": "cc.Vec2",
        "x": 64,
        "y": 74
      }
    },
    {
      "__type__": "cc.Label",
      "node": {
        "__id__": 5
      },
      "_useOriginalSize": false,
      "_actualFontSize": 60,
      "_fontSize": 60,
      "_lineHeight": 60,
      "_N$string": "Hello, World!",
      "_N$horizontalAlign": 1,
      "_N$verticalAlign": 1
    }
  ],
  {
    "__type__": "cc.SpriteFrame",
    "content": {
      "name": "HelloWorld",
      "texture": "6aoKpq6+5BVaCIpoemqt7E",
      "rect": [
        0,
        0,
        195,
        270
      ],
      "offset": [
        0,
        0
      ],
      "originalSize": [
        195,
        270
      ]
    }
  },
  {
    "__type__": "cc.SpriteFrame",
    "content": {
      "name": "singleColor",
      "texture": "a8Anh32NZGRZegUtSgEj26",
      "rect": [
        0,
        0,
        2,
        2
      ],
      "offset": [
        0,
        0
      ],
      "originalSize": [
        2,
        2
      ]
    }
  }
]